0	delito_continuado_de_abandono_de_familia	IMPLICA	abandono_de_familia
1	daños_causados_por_el_incendio	IMPLICA	incendio
2	responsabilidad_de_los_daños_causados_por_incendio	IMPLICA	daños_causados_por_el_incendio
3	cumplimiento_del_plazo_de_preaviso	IMPLICA	preaviso
4	cumplimiento_del_plazo_de_preaviso	IMPLICA	plazo_de_preaviso
5	precio_por_metro_cuadrado	IMPLICA	metro_cuadrado
6	consejo_de_administracion_del_banco	IMPLICA	entidad_bancaria
7	falta_de_injurias	IMPLICA	comision_de_falta_de_injurias
8	validez_del_testamento	IMPLICA	testamento
9	declaracion_de_nulidad_del_testamento	IMPLICA	testamento
10	momento_de_otorgamiento_del_testamento	IMPLICA	testamento
11	protocolizacion_del_testamento	IMPLICA	testamento
12	copia_del_testamento	IMPLICA	testamento
13	ineficacia_del_testamento	IMPLICA	testamento
14	autenticidad_del_testamento	IMPLICA	testamento
15	literalidad_del_testamento	IMPLICA	testamento
16	legado_testamentario	IMPLICA	testamento
17	archivo_de_historias_clinicas	IMPLICA	historial_medico
18	delito_de_hurto_sin_circunstancias_modificativas_de_la_responsabilidad	IMPLICA	circunstancias_modificativas_de_la_responsabilidad_penal
19	traslado_del_domicilio_social	IMPLICA	domicilio_social
20	inspeccion_veterinaria	IMPLICA	veterinario
21	hombre_casado	IMPLICA	matrimonio
22	autorizacion_del_padre	IMPLICA	padre
23	custodia_paterna	IMPLICA	padre
24	domicilio_paterno	IMPLICA	padre
25	guarda_y_custodia_a_favor_del_padre	IMPLICA	padre
26	fallecimiento_del_padre	IMPLICA	padre
27	regimen_de_visitas_a_favor_del_padre	IMPLICA	padre
28	prestaciones_derivadas_del_fallecimiento	IMPLICA	fallecimiento
29	inscripcion_de_defuncion	IMPLICA	fallecimiento
30	beneficiarios_en_los_casos_de_muerte	IMPLICA	fallecimiento
31	adquisicion_por_causa_de_muerte	IMPLICA	fallecimiento
32	sucesion_procesal_por_muerte	IMPLICA	fallecimiento
33	acuerdo_de_la_junta_electoral	IMPLICA	junta_electoral
34	necesidad_de_desalojar_la_vivienda	IMPLICA	desalojo_de_vivienda
35	clausula_limitativa_de_derechos_del_asegurado	IMPLICA	medidas_restrictivas_de_derechos
36	empleado_de_banca	IMPLICA	entidad_bancaria
37	aumento_de_pension_alimenticia	IMPLICA	pension_de_alimentos
38	abono_de_salarios_de_tramitacion	IMPLICA	salarios_de_tramitacion
39	bienes_gananciales	IMPLICA	regimen_de_gananciales
40	informe_medico_de_urgencias	IMPLICA	asistencia_medica_urgente
41	solvencia_de_la_empresa	IMPLICA	insolvencia_de_la_empresa
42	duracion_de_mandato_de_los_representantes_de_los_trabajadores	IMPLICA	representantes_de_los_trabajadores
43	aprobacion_del_convenio_regulador	IMPLICA	convenio_regulador
44	cumplimiento_del_convenio	IMPLICA	incumplimiento_del_convenio
45	sustancia_que_causa_grave_daño_a_la_salud	IMPLICA	daños_para_la_salud
46	categoria_profesional_de_profesor_de_religion	IMPLICA	profesor_de_religion
47	retraso_en_la_entrega_del_equipaje_facturado	IMPLICA	facturacion_de_equipaje
48	subcomunidad_de_propietarios	IMPLICA	comunidad_de_propietarios
49	intento_de_suicidio	IMPLICA	ideaciones_suicidas
50	cadaver_de_la_victima	IMPLICA	fallecimiento
51	circunstancia_de_resentimiento	IMPLICA	resentimiento
52	cumplimiento_del_plazo_de_preaviso	IMPLICA	cumplimiento_del_plazo
53	pago_de_pension_vitalicia	IMPLICA	pension_vitalicia
54	reconocimiento_de_una_base_reguladora	IMPLICA	base_reguladora
55	delito_de_robo_con_escalamiento	IMPLICA	robo
56	inhabilitacion_especial_para_el_derecho_de_sufragio_pasivo	IMPLICA	derecho_de_sufragio_pasivo
57	archivos_de_titularidad_estatal	IMPLICA	titularidad_estatal
58	entrevista_radiofonica	IMPLICA	emisora_de_radio
59	resolucion_del_contrato_de_arrendamiento_rustico	IMPLICA	contrato_de_arrendamientos_rusticos
60	ataque_epileptico	IMPLICA	epilepsia
61	restos_mortales	IMPLICA	fallecimiento
62	crisis_de_asma	IMPLICA	asma
63	voluntad_suicida	IMPLICA	ideaciones_suicidas
64	atenuante_muy_cualificada_de_reparacion_del_daño	IMPLICA	atenuante_cualificada_de_reparacion_del_daño
65	mano_dominante	IMPLICA	mano_no_dominante
66	reduccion_de_la_cuantia_de_la_pension_de_alimentos	IMPLICA	pension_de_alimentos
67	contrato_de_seguro_de_transporte	IMPLICA	seguro_de_transportes_terrestres
68	reduccion_de_jornada_por_erte	IMPLICA	expediente_de_regulacion_temporal_de_empleo
69	delito_de_lesiones_por_mutilacion_genital	IMPLICA	mutilacion_genital
70	mejora_de_la_calidad_de_la_asistencia_sanitaria	IMPLICA	asistencia_sanitaria
71	clausula_no_a_la_orden	IMPLICA	letra_de_cambio
72	efectividad_de_la_clausula_penal	IMPLICA	clausula_penal
73	nulidad_de_la_clausula_penal	IMPLICA	clausula_penal
74	inaplicabilidad_de_la_clausula_penal	IMPLICA	clausula_penal
75	validez_de_la_clausula_penal	IMPLICA	clausula_penal
76	validez_de_la_clausula_de_sumision	IMPLICA	clausula_de_sumision_expresa
77	aplicabilidad_de_clausula_penal	IMPLICA	clausula_penal
78	ineficacia_de_la_clausula_penal	IMPLICA	clausula_penal
79	cumplimiento_de_la_clausula_penal	IMPLICA	clausula_penal
80	vigencia_de_la_clausula_penal	IMPLICA	clausula_penal
81	sancion_moratoria	IMPLICA	clausula_moratoria
82	nulidad_de_la_clausula_de_sumision	IMPLICA	clausula_de_sumision_expresa
83	nulidad_de_la_clausula_financiera	IMPLICA	clausula_bancaria
84	impugnacion_de_clausula	IMPLICA	clausula
85	inaplicacion_de_clausula	IMPLICA	clausula
86	nulidad_de_la_clausula_de_afianzamiento	IMPLICA	clausula_de_afianzamiento
87	operatividad_de_la_clausula	IMPLICA	clausula
88	contenido_de_la_clausula	IMPLICA	clausula
89	inexistencia_de_clausula	IMPLICA	clausula
90	clausula_de_confidencialidad	IMPLICA	deber_de_confidencialidad
91	vulneracion_de_la_confidencialidad	IMPLICA	clausula_de_confidencialidad
92	clausula_de_desheredacion	IMPLICA	testamento
93	clausula_de_devengo_de_intereses	IMPLICA	devengo_de_intereses
94	clausula_de_intercambio_de_informacion	IMPLICA	intercambio_de_informacion
95	nulidad_de_la_clausula_de_redondeo	IMPLICA	clausula_de_redondeo
96	clausula_de_reserva_de_dominio	IMPLICA	reserva_de_dominio
97	clausula_de_revision_de_los_contratos	IMPLICA	revision_del_contrato
98	clausula_de_constitucion_de_fianza	IMPLICA	constitucion_de_fianza
99	clausula_demilitadora_del_riesgo	IMPLICA	delimitacion_del_riesgo
100	indemnizacion_por_responsabilidad_extracontractual	IMPLICA	responsabilidad_contractual
101	disolucion_por_divorcio_del_matrimonio_canonico	IMPLICA	matrimonio_canonico
102	cuantia_de_las_cargas_matrimoniales	IMPLICA	cargas_y_responsabilidades_matrimoniales
103	cargas_y_responsabilidades_matrimoniales	IMPLICA	matrimonio
104	pertenencia_a_segi	IMPLICA	segi
105	regulacion_del_uso_del_catalan	IMPLICA	lengua_catalana
106	regulacion_del_uso_del_gallego	IMPLICA	lengua_gallega
107	regulacion_del_uso_del_valenciano	IMPLICA	lengua_valenciana
108	bandera_autonomica	IMPLICA	comunidad_autonoma
109	delito_de_revelacion_de_secretos_empresariales	IMPLICA	revelacion_de_secretos_de_empresa
110	derechos_de_las_asociaciones_de_consumidores_y_usuarios	IMPLICA	asociacion_de_consumidores_y_usuarios
111	regimen_interno_de_la_asociacion	IMPLICA	asociaciones
112	registro_de_asociaciones_religiosas	IMPLICA	asociacion_religiosa
113	competencia_de_la_junta_electoral	IMPLICA	junta_electoral
114	prescripcion_de_la_responsabilidad_contable	IMPLICA	responsabilidad_contable
115	comiso_de_la_droga	IMPLICA	incautacion_de_cocaina
116	estatuto_de_autonomia_de_asturias	IMPLICA	asturias
117	competencia_autonomica_en_asistencia_social	IMPLICA	asistencia_social
118	inadecuacion_del_juicio_de_desahucio	IMPLICA	juicio_por_desahucio
119	cuenta_de_la_red_social	IMPLICA	red_social
120	cuenta_de_instagram	IMPLICA	red_social_instagram
121	ladera_de_la_montaña	IMPLICA	zona_de_montaña
122	ascenso_al_empleo_de_brigada	IMPLICA	brigada
123	delito_de_trafico_de_generos_corrompidos	IMPLICA	delito_de_peligro_abstracto
124	zona_periferica_de_proteccion_de_espacios_naturales	IMPLICA	espacio_natural_protegido
125	puerto_de_montaña	IMPLICA	zona_de_montaña
126	voluntad_testamentaria	IMPLICA	testamento
127	usuario_de_telefono	IMPLICA	linea_telefonica
128	personal_investigador_en_formacion	IMPLICA	formacion_de_personal_investigador
129	prestacion_con_producto_dietetico	IMPLICA	producto_dietetico
130	caracter_personalisimo_del_testamento	IMPLICA	testamento
131	contrato_administrativo	IMPLICA	contrato_no_administrativo
132	cesion_del_credito_horario	IMPLICA	credito_horario
133	improcedencia_del_despido_disciplinario	IMPLICA	despido_improcedente
134	nulidad_de_clausula_suelo	IMPLICA	clausula_bancaria
135	moderacion_de_la_clausula_penal	IMPLICA	clausula_penal
136	oficina_bancaria	IMPLICA	entidad_bancaria
137	caza	IMPLICA	muerte_de_animal
138	sindicato	IMPLICA	libertad_sindical
139	representantes_de_los_trabajadores	IMPLICA	libertad_sindical
140	morosidad_de_la_comunidad_de_propietarios	IMPLICA	comunidad_de_propietarios
141	mano_dominante	IMPLICA	brazo_dominante
142	perfil_en_red_social	IMPLICA	red_social
143	exhibicion_de_armas	IMPLICA	arma
144	reparacion_de_armas	IMPLICA	arma
145	comercio_de_armas	IMPLICA	arma
146	utilizacion_de_arma	IMPLICA	arma
147	fabricacion_de_armas	IMPLICA	arma
148	medidas_de_seguridad_en_las_armas	IMPLICA	arma
149	comiso_de_arma	IMPLICA	arma
150	circulacion_de_armas	IMPLICA	arma
151	tenencia_de_armas	IMPLICA	arma
152	victima_de_accidente	IMPLICA	accidente
153	elaboracion_de_vinos	IMPLICA	vino
154	calidad_del_vino	IMPLICA	vino
155	elaboracion_de_vinos	IMPLICA	cultivo_viticola
156	clausula_contractual	IMPLICA	contrato
157	falta_de_claridad_de_los_terminos_del_contrato	IMPLICA	contrato
158	nulidad_de_clausula	IMPLICA	clausula
159	clausula_de_sumision_expresa	IMPLICA	sumision_expresa
160	profesor_de_escuela_oficial_de_idiomas	IMPLICA	escuela_oficial_de_idiomas
161	espectaculo_taurino	IMPLICA	toro_de_lidia
162	tratamiento_medico	IMPLICA	asistencia_sanitaria
163	inmovilizacion_con_vendaje	IMPLICA	vendaje_compresivo
164	dedo_de_la_mano	IMPLICA	mano
165	mano	IMPLICA	brazo
166	contratacion_de_linea_telefonica	IMPLICA	linea_telefonica
167	impuesto_transferido	IMPLICA	cesion_de_tributos
168	validez_de_la_diligencia_de_entrada_y_registro	IMPLICA	diligencia_de_entrada_y_registro
169	diligencia_de_entrada_y_registro	IMPLICA	entrada_y_registro_domiciliario
170	consentimiento_paterno	IMPLICA	padre
171	mercancia_importada	IMPLICA	importacion_de_mercancias
172	endoso_de_la_letra_de_cambio	IMPLICA	letra_de_cambio
173	objeto_del_juicio_cambiario	IMPLICA	juicio_cambiario
174	demanda_de_juicio_cambiario	IMPLICA	juicio_cambiario
175	incoacion_de_juicio_cambiario	IMPLICA	juicio_cambiario
176	oposicion_a_la_demanda_de_juicio_cambiario	IMPLICA	juicio_cambiario
177	endoso_del_pagare	IMPLICA	pagare
178	convenio_regulador_de_separacion	IMPLICA	separacion_matrimonial
179	fuente_de_ingresos_del_matrimonio	IMPLICA	matrimonio
180	ruptura_matrimonial	IMPLICA	matrimonio
181	fecha_de_la_separacion_matrimonial	IMPLICA	separacion_matrimonial
182	modificacion_de_las_medidas_definitivas_de_separacion_matrimonial	IMPLICA	separacion_matrimonial
183	pension_de_alimentos_fijada_en_sentencia_de_separacion	IMPLICA	separacion_matrimonial
184	demanda_de_divorcio_contencioso	IMPLICA	proceso_de_divorcio
185	conflictividad_matrimonial	IMPLICA	matrimonio
186	crisis_matrimonial	IMPLICA	matrimonio
187	sindrome_de_fatiga_cronica	IMPLICA	fatiga_cronica
188	objeto_de_plastico	IMPLICA	plastico
189	tobillo_izquierdo	IMPLICA	pie_izquierdo
190	autopista_de_peaje	IMPLICA	peaje_de_acceso
191	actores_del_endoso	IMPLICA	endoso
192	registro_de_jornada	IMPLICA	control_de_horario
193	registro_horario	IMPLICA	control_de_horario
194	relacion_del_acusado_con_la_victima	IMPLICA	relacion_entre_victima_y_agresor
195	punto_del_orden_del_dia	IMPLICA	orden_del_dia
196	atribucion_de_la_guarda_y_custodia	IMPLICA	guarda_y_custodia
197	dominio_publico_maritimo_terrestre	IMPLICA	espacio_maritimo_terrestre
198	sociedad_absorbente	IMPLICA	absorcion_de_sociedad
199	aprobacion_del_proyecto_de_reparcelacion	IMPLICA	proyecto_de_reparcelacion
200	concesion_de_licencia_de_obras	IMPLICA	licencia_de_obras
201	servicio_de_anestesia_y_reanimacion	IMPLICA	anestesia
202	hoja_de_anestesia	IMPLICA	anestesia
203	intervencion_quirurgica_con_anestesia	IMPLICA	anestesia
204	custodia_de_los_hijos	IMPLICA	custodia_del_menor
205	delito_de_apropiacion_indebida	IMPLICA	apropiacion_indebida
206	perfil_de_facebook	IMPLICA	red_social_facebook
207	resumen_anual_del_iva	IMPLICA	modelo_390
208	cristal_de_la_puerta	IMPLICA	puerta
209	marco_de_la_puerta	IMPLICA	puerta
210	cerradura_de_la_puerta_de_acceso	IMPLICA	puerta
211	sutura_de_la_herida	IMPLICA	herida
212	tutela_de_la_libertad_sindical	IMPLICA	libertad_sindical
213	juicio_por_desahucio	IMPLICA	demanda_de_desahucio
214	registro_de_la_marca	IMPLICA	marcas
215	suministro_de_agua_potable	IMPLICA	agua_potable
216	delito_de_peligro_abstracto	IMPLICA	peligro_abstracto
217	delito_de_trafico_de_influencias	IMPLICA	trafico_de_influencias
218	delito_de_fraude_de_subvenciones	IMPLICA	fraude_de_subvenciones
219	factura_de_consumo_electrico	IMPLICA	consumo_electrico
220	causa_de_abstencion_y_recusacion	IMPLICA	abstencion_y_recusacion
221	contrato_de_cuentas_en_participacion	IMPLICA	cuenta_en_participacion
222	clinica_veterinaria	IMPLICA	veterinario
223	mancomunidad_de_propietarios	IMPLICA	comunidad_de_propietarios
224	recibo_de_finiquito	IMPLICA	finiquito
225	poliza_de_pignoracion	IMPLICA	pignoracion
226	violencia_fisica	IMPLICA	empleo_de_violencia
227	delito_de_lesiones_por_imprudencia	IMPLICA	lesiones_por_imprudencia
228	delito_de_abuso_de_autoridad	IMPLICA	abuso_de_autoridad
229	contrato_de_gestion_de_riesgos_financieros	IMPLICA	gestion_de_riesgos_financieros
230	servicio_de_recogida_de_residuos_solidos_urbanos	IMPLICA	recogida_de_residuos
231	traspaso_en_bloque_por_sucesion_universal	IMPLICA	sucesion_a_titulo_universal
232	contrato_de_promesa_de_compraventa	IMPLICA	promesa_de_compraventa
233	reconocimiento_de_la_pension_de_orfandad	IMPLICA	pension_de_orfandad
234	declaracion_de_concurso_necesario	IMPLICA	concurso_necesario_de_acreedores
235	acta_de_recepcion_provisional	IMPLICA	recepcion_provisional
236	acta_de_recepcion_de_la_obra	IMPLICA	recepcion_de_la_obra
237	firma_falsa	IMPLICA	falsificacion_de_firma
238	responsabilidad_por_la_caida_en_una_discoteca	IMPLICA	caida_en_una_discoteca
239	vulneracion_de_derechos_fundamentales	IMPLICA	derecho_fundamental
240	vulneracion_de_derechos_fundamentales	IMPLICA	tutela_de_derechos_fundamentales
241	representantes_de_los_trabajadores	IMPLICA	representacion_unitaria_de_los_trabajadores
242	delegado_sindical_intercentros	IMPLICA	representacion_unitaria_de_los_trabajadores
243	credito_horario	IMPLICA	representantes_de_los_trabajadores
244	representantes_de_los_trabajadores	IMPLICA	funcion_de_representacion
245	cargo_sindical	IMPLICA	sindicato
246	afiliacion_a_un_sindicato	IMPLICA	sindicato
247	comite_de_empresa	IMPLICA	representantes_de_los_trabajadores
248	demanda_de_conflicto_colectivo	IMPLICA	libertad_sindical
249	contrato_marco_de_operacion_financiera	IMPLICA	operacion_financiera
250	incoacion_del_procedimiento_sancionador	IMPLICA	incoacion_del_expediente_sancionador
251	nota_de_entrega	IMPLICA	entrega_de_la_mercancia
252	publicacion_de_fotografia	IMPLICA	difusion_de_fotografias
253	delito_de_abandono_de_menores_o_incapaces	IMPLICA	abandono_de_menores_o_incapaces
254	inexistencia_de_nexo_causal	IMPLICA	nexo_causal
255	ejercicio_del_derecho_de_reversion	IMPLICA	derecho_de_reversion
256	despido_objetivo_por_ineptitud_sobrevenida	IMPLICA	ineptitud_sobrevenida_del_trabajador
257	impuesto_general_sobre_el_trafico_de_empresas	IMPLICA	trafico_de_empresas
258	extradicion_pasiva	IMPLICA	procedimiento_de_extradicion
259	responsabilidad_civil_por_los_daños_causados_por_productos_defectuosos	IMPLICA	producto_defectuoso
260	importe_inferior_al_debido_por_causa_imputable_al_retenedor	IMPLICA	causa_imputable_al_retenedor
261	opcion_de_tributacion_conjunta	IMPLICA	tributacion_conjunta
262	reinsercion_laboral_del_trabajador	IMPLICA	ocupacion_remunerada
263	obligacion_de_conservacion_de_libros	IMPLICA	conservacion_de_los_libros
264	desembolso_de_dividendos_pasivos	IMPLICA	dividendo_pasivo
265	uso_del_euskera	IMPLICA	euskera
266	vulneracion_del_principio_de_neutralidad	IMPLICA	principio_de_neutralidad
267	requisito_de_solvencia_tecnica	IMPLICA	solvencia_tecnica
268	fondos_de_origen_ilicito	IMPLICA	origen_ilicito_del_dinero
269	control_y_vigilancia	IMPLICA	servicio_de_vigilancia
270	revision_de_la_autorizacion_de_vertido	IMPLICA	autorizacion_de_vertido_de_aguas_residuales
271	persona_en_riesgo_de_exclusion_social	IMPLICA	riesgo_de_exclusion_social
272	juicio_mediante_videoconferencia	IMPLICA	sistema_de_videoconferencia
273	explotacion_del_derecho_de_imagen	IMPLICA	derechos_de_imagen
274	uso_del_credito_horario	IMPLICA	credito_horario
275	tramite_de_subsanacion	IMPLICA	subsanacion_de_defecto
276	caudal_hereditario	IMPLICA	sucesion_mortis_causa
277	apertura_de_la_sucesion	IMPLICA	sucesion_mortis_causa
278	valor_del_caudal_hereditario	IMPLICA	caudal_hereditario
279	distribucion_del_caudal_hereditario	IMPLICA	caudal_hereditario
280	tercios_hereditarios	IMPLICA	sucesion_mortis_causa
281	heredero_forzoso	IMPLICA	sucesion_ab_intestato
282	liquidacion_de_caudal_hereditario	IMPLICA	caudal_hereditario
283	comunidad_de_herederos	IMPLICA	sucesion_mortis_causa
284	heredero	IMPLICA	comunidad_de_herederos
285	adjudicacion_de_la_herencia	IMPLICA	sucesion_mortis_causa
286	inventario_de_la_herencia	IMPLICA	sucesion_mortis_causa
287	clausura_de_actividad	IMPLICA	cierre_de_local
288	principio_de_lealtad_institucional	IMPLICA	lealtad_institucional
289	convocatoria_de_huelga_indefinida	IMPLICA	mantenimiento_de_los_servicios_minimos
290	exceso_de_ruido	IMPLICA	molestias_a_los_vecinos
291	adopcion_de_medidas_de_seguridad	IMPLICA	medida_de_seguridad
292	incomparecencia_del_demandado_al_acto_del_juicio	IMPLICA	ficta_confessio
293	reparacion_parcial	IMPLICA	disminucion_de_los_efectos_del_delito
294	incumplimiento_reciproco	IMPLICA	negocio_juridico_sinalagmatico
295	plan_de_pago_a_proveedores	IMPLICA	pago_al_proveedor
296	validez_de_las_escuchas_telefonicas	IMPLICA	legitimidad_de_las_intervenciones_telefonicas
297	plazo_de_prescripcion	IMPLICA	prescripcion
298	conservacion_de_montes	IMPLICA	montes_y_bosques
299	repoblacion_forestal	IMPLICA	montes_y_bosques
300	fomento_forestal	IMPLICA	montes_y_bosques
301	proteccion_de_montes	IMPLICA	montes_y_bosques
302	demanda_por_despido	IMPLICA	despido
303	despido_procedente	IMPLICA	despido
304	tobillo_derecho	IMPLICA	pie_derecho
305	reiteracion_del_impago	IMPLICA	incumplimiento_del_deber_de_pago
306	ejercicio_del_ius_puniendi	IMPLICA	ius_puniendi
307	abono_parcial	IMPLICA	pago_pendiente
308	planeamiento_territorial	IMPLICA	territorialidad
309	existencia_de_un_acuerdo_transaccional	IMPLICA	acuerdo_transaccional
310	nulidad_del_acuerdo_transaccional	IMPLICA	acuerdo_transaccional
311	aplazamiento_de_precio	IMPLICA	operaciones_a_plazos
312	incompatibilidad_de_altos_cargos	IMPLICA	alto_cargo_de_la_administracion
313	obligacion_sinalagmatica	IMPLICA	contrato_bilateral
314	acreedor_pignoraticio	IMPLICA	derecho_de_prenda
315	derechos_e_intereses_legitimos	IMPLICA	interes_legitimo
316	defensa_de_los_legitimos_intereses	IMPLICA	interes_legitimo
317	garantia_real	IMPLICA	formalizacion_de_la_escritura_publica
318	liquidacion_de_tasa_por_licencia_de_obras	IMPLICA	tasa_por_concesion_de_licencia
319	sociedad_de_correduria_de_seguros	IMPLICA	corredor_de_reaseguro
320	autorizacion_de_residencia_permanente_en_españa	IMPLICA	residencia_permanente
321	coste_de_reparacion_del_vehiculo	IMPLICA	valoracion_de_los_trabajos_de_reparacion
322	grabacion_de_seguridad	IMPLICA	camara_de_seguridad
323	importe_del_recibo	IMPLICA	emision_de_recibo
324	notificacion_por_correo_certificado	IMPLICA	correo_certificado
325	asistencia_sanitaria	IMPLICA	atencion_sanitaria
326	concesion_de_la_nacionalidad_española	IMPLICA	solicitud_de_concesion_de_la_nacionalidad_española
327	aire_del_local_de_trabajo	IMPLICA	local_de_trabajo
328	alojamiento_turistico	IMPLICA	uso_turistico
329	complemento_de_atencion_continuada	IMPLICA	atencion_continuada
330	finca_adjudicada	IMPLICA	adjudicacion_de_las_fincas
331	resolucion_aprobatoria_del_deslinde	IMPLICA	aprobacion_de_deslinde
332	resolucion_aprobatoria_del_deslinde	IMPLICA	procedimiento_de_deslinde
333	mantenimiento_del_equilibrio_economico	IMPLICA	equilibrio_economico_financiero
334	conservacion_de_la_naturaleza	IMPLICA	conservacion_del_medio_natural
335	modificacion_colectiva_de_condiciones_de_trabajo	IMPLICA	caracter_colectivo
336	cancelacion_de_asiento_registral	IMPLICA	orden_de_cancelacion
337	solicitud_de_beca	IMPLICA	convocatoria_de_becas
338	victima_de_acoso	IMPLICA	acoso
339	relacion_de_amistad	IMPLICA	existencia_de_amistad
340	organizacion_terrorista	IMPLICA	actividad_terrorista
341	miembros_de_la_unidad_economica_de_convivencia	IMPLICA	unidad_economica_de_convivencia
342	reconocimiento_de_la_condicion_de_refugiado	IMPLICA	autorizacion_de_permanencia_en_españa
343	covid_19	IMPLICA	sars_cov_2
344	expediente_de_regulacion_de_empleo	IMPLICA	extincion_de_la_relacion_laboral
345	expediente_de_regulacion_temporal_de_empleo	IMPLICA	modificacion_sustancial_de_las_condiciones_de_trabajo
346	periodo_de_consultas	IMPLICA	proceso_de_negociacion
347	suspension_de_la_relacion_laboral	IMPLICA	relacion_laboral
348	ejecucion_del_plan_de_viabilidad	IMPLICA	plan_de_viabilidad
349	sars	IMPLICA	sars_cov
350	sindrome_respiratorio_de_oriente_medio	IMPLICA	mers_cov
351	enfermedad_virica	IMPLICA	microorganismo_virico
352	impuesto_de_la_renta_de_los_no_residentes	IMPLICA	condicion_de_no_residente
353	impago_de_prima_unica	IMPLICA	prima_unica
354	impago_de_prima_sucesiva	IMPLICA	prima_sucesiva
355	luxacion_de_cadera_izquierda	IMPLICA	cadera_izquierda
356	negocio_disimulado	IMPLICA	apariencia_de_negocio
357	impugnacion_de_sancion	IMPLICA	recurso_contra_sancion
358	anulacion_de_sancion	IMPLICA	nulidad_de_sancion
359	solicitud_de_concesion_de_la_nacionalidad_española	IMPLICA	tramitacion_del_expediente_de_nacionalidad
360	conocimiento_de_la_lengua	IMPLICA	comprension_del_idioma
361	monte_catalogado	IMPLICA	catalogo_de_montes_de_utilidad_publica
362	gran_establecimiento_comercial	IMPLICA	grandes_superficies
363	cese_de_la_actividad_de_la_empresa	IMPLICA	cierre_del_centro_de_trabajo
364	tasa_por_reserva_del_dominio_publico_radioelectrico	IMPLICA	reserva_del_dominio_publico
365	elecciones_periodicas_por_sufragio_universal	IMPLICA	sufragio_universal
366	ausencia_de_prueba	IMPLICA	falta_de_acreditacion
367	pension_aneja_a_la_medalla_de_mutilado	IMPLICA	concesion_de_la_medalla_de_mutilado
368	acuerdo_de_la_mesa_sectorial_de_negociacion	IMPLICA	mesa_sectorial
369	expulsion_del_territorio	IMPLICA	obligacion_de_salida_del_territorio_nacional
370	acceso_electronico_a_la_administracion	IMPLICA	medio_electronico
371	vulneracion_del_derecho_a_la_tutela_judicial_efectiva	IMPLICA	indefension
372	proteccion_al_deudor_hipotecario	IMPLICA	deudor_hipotecario
373	sucesion_de_los_titulos_nobiliarios	IMPLICA	titulo_nobiliario
374	causa_de_incapacitacion	IMPLICA	incapacitacion
375	proceso_de_incapacitacion	IMPLICA	incapacitacion
376	sometimiento_a_curatela	IMPLICA	curatela
377	nombramiento_de_curatela	IMPLICA	curatela
378	constitucion_de_la_curatela	IMPLICA	curatela
379	tutor_del_incapaz	IMPLICA	incapacitacion
380	consumo_de_agua_y_electricidad	IMPLICA	consumo_de_agua
381	consumo_de_agua_y_electricidad	IMPLICA	consumo_electrico
382	consumo_electrico	IMPLICA	electricidad
383	produccion_de_energia_electrica	IMPLICA	electricidad
384	excepcion_del_proceso_por_injurias_y_calumnias_verbales	IMPLICA	injurias_y_calumnias_verbales
385	falta_de_entrega_de_la_cosa_vendida	IMPLICA	suspension_del_pago_del_precio
386	tasa_por_inspeccion_y_control_sanitario	IMPLICA	controles_sanitarios_de_animales
387	contrato_de_deposito_mercantil	IMPLICA	deposito_mercantil
388	defensa_de_los_legitimos_intereses	IMPLICA	derechos_e_intereses_legitimos
389	sistema_de_contabilidad_de_costes	IMPLICA	contabilidad_de_costes
390	destruccion_o_menoscabo_de_la_cosa	IMPLICA	daño_de_la_cosa
391	grabar_o_reproducir_la_vida_intima_de_las_personas	IMPLICA	divulgacion_de_la_vida_privada
392	suspension_de_la_ejecutividad_de_la_deuda_tributaria	IMPLICA	suspension_del_pago_de_la_deuda
393	cumplimiento_contractual	IMPLICA	incumplimiento_contractual
394	modelo_584	IMPLICA	impuesto_sobre_la_produccion_de_combustible_nuclear_gastado_y_residuos_radioactivos
395	principio_de_autonomia_de_la_voluntad	IMPLICA	autonomia_de_la_voluntad
396	informe_provisional_de_la_administracion_concursal	IMPLICA	administracion_concursal
397	duracion_de_la_inspeccion	IMPLICA	actuacion_inspectora
398	variacion_del_tipo_de_interes	IMPLICA	tipo_de_interes
399	television_en_alta_definicion	IMPLICA	alta_definicion
400	contrato_de_apertura_de_credito	IMPLICA	apertura_de_credito
401	aparcamiento_del_centro_comercial	IMPLICA	centro_comercial
402	inscripcion_en_el_catalogo_de_aguas_privadas	IMPLICA	catalogo_de_aguas_privadas
403	vecindad_civil_foral	IMPLICA	vecindad_civil
404	vecindad_civil_comun	IMPLICA	vecindad_civil
405	registro_de_solvencia_patrimonial	IMPLICA	solvencia_patrimonial
406	fecha_de_entrega_de_llaves	IMPLICA	entrega_de_llaves
407	escolarizacion_de_menores	IMPLICA	escolarizacion
408	fraccionamiento_de_la_deuda_tributaria	IMPLICA	fraccionamiento_de_deudas
409	actuacion_medica_negligente	IMPLICA	negligencia_medica
410	derechos_antidumping	IMPLICA	antidumping
411	delito_de_abandono_de_destino	IMPLICA	abandono_de_destino
412	abastecimiento_de_carburantes	IMPLICA	carburante
413	comunicacion_radiofonica	IMPLICA	emisora_de_radio
414	explotacion_de_ganado_bovino	IMPLICA	ganado_vacuno
415	carne_de_bovino	IMPLICA	ganado_vacuno
416	explotacion_ganadera	IMPLICA	animal_de_granja
417	acoso_discriminatorio	IMPLICA	discriminacion
418	existencia_de_nexo_causal	IMPLICA	nexo_causal
419	delito_leve_de_vejaciones_injustas	IMPLICA	vejacion_injusta
420	grado_de_tentativa_acabada	IMPLICA	grado_de_tentativa
421	abono_de_la_cuota	IMPLICA	cuota
422	medida_de_accion_positiva	IMPLICA	accion_positiva
423	acuerdo_de_garantia_financiera	IMPLICA	garantia_financiera
424	ejercicio_de_la_accion_civil	IMPLICA	accion_civil
425	nulidad_del_acto_presunto	IMPLICA	acto_presunto
426	excedencia_voluntaria_por_agrupacion_familiar	IMPLICA	agrupacion_familiar
427	bebida_alcoholica	IMPLICA	alcohol
428	circunstancia_agravante_de_alevosia	IMPLICA	alevosia
429	manipulacion_del_amianto	IMPLICA	amianto
430	fibras_de_amianto	IMPLICA	amianto
431	adjudicataria_de_concurso	IMPLICA	adjudicacion_del_concurso
432	delito_de_allanamiento_de_morada	IMPLICA	allanamiento_de_morada
433	aprobacion_de_planes_especiales	IMPLICA	plan_especial
434	existencia_de_arbolado	IMPLICA	arbol
435	red_de_areas_marinas_protegidas_de_españa	IMPLICA	area_marina_protegida
436	sociedad_comanditaria	IMPLICA	socio_comanditario
437	causacion_del_daño	IMPLICA	daño
438	situacion_de_baja_por_maternidad	IMPLICA	baja_por_maternidad
439	oficina_de_atencion_al_ciudadano	IMPLICA	atencion_al_ciudadano
440	captacion_de_aguas_subterraneas	IMPLICA	captacion_de_aguas
441	adscripcion_a_centro_de_trabajo	IMPLICA	centro_de_trabajo
442	centro_educativo_bilingue	IMPLICA	enseñanza_bilingue
443	cese_de_la_presuncion_de_convivencia_conyugal	IMPLICA	presuncion_de_convivencia_conyugal
444	cese_de_la_atribucion_del_uso_de_la_vivienda	IMPLICA	cese_del_uso_de_la_vivienda
445	bonificacion_de_cuota	IMPLICA	bonificacion
446	cable_de_fibra_optica	IMPLICA	fibra_optica
447	centro_de_gestion_catastral	IMPLICA	gestion_catastral
448	cesion_global_de_activo_y_pasivo	IMPLICA	cesion_global
449	certificado_del_colegio_oficial	IMPLICA	certificacion_colegial
450	cuenta_del_cliente_descontatario	IMPLICA	cliente_descontatario
451	declaracion_del_coacusado	IMPLICA	coacusado
452	acuerdo_de_la_comision_disciplinaria	IMPLICA	comision_disciplinaria
453	atribucion_de_competencias	IMPLICA	competencia
454	accion_de_competencia_desleal	IMPLICA	competencia_desleal
455	circunstancia_agravante_de_cantidad_notoria_importancia	IMPLICA	cantidad_de_notoria_importancia
456	circunstancia_agravante_de_cantidad_notoria_importancia	IMPLICA	agravante_especifica
457	delito_de_ciberacoso_sexual_a_menores	IMPLICA	ciberacoso
458	circunstancia_agravante_de_prevalimiento_del_caracter_publico	IMPLICA	prevalimiento_de_caracter_publico
459	servicio_de_la_sociedad_de_la_informacion	IMPLICA	sociedad_de_la_informacion
460	resolucion_de_la_comision_de_asistencia_juridica_gratuita	IMPLICA	comision_de_asistencia_juridica_gratuita
461	competencia_sectorial_autonomica	IMPLICA	competencia_estatal_o_autonomica
462	accion_de_complemento_de_legitima	IMPLICA	complemento_de_legitima
463	colaboracion_social_en_la_aplicacion_de_los_tributos	IMPLICA	colaboracion_social
464	colegiacion_obligatoria	IMPLICA	incorporacion_a_un_colegio_profesional
465	asociacion_de_comunidades_de_propietarios	IMPLICA	comunidad_de_propietarios
466	conducta_abusiva	IMPLICA	abuso
467	conocimiento_de_la_lengua_cooficial	IMPLICA	cooficialidad_linguistica
468	vinculo_de_consanguinidad	IMPLICA	consanguinidad
469	miembro_del_consejo_de_administracion	IMPLICA	consejo_de_administracion
470	comite_de_supervision_bancaria_de_basilea	IMPLICA	supervision_bancaria
471	concesion_de_premio	IMPLICA	premio
472	consultoria_externa	IMPLICA	consultor_externo
473	asociacion_de_consumidores_y_usuarios	IMPLICA	consumidores_y_usuarios
474	consumidores_y_usuarios	IMPLICA	consumidor
475	presentacion_del_escrito_de_contestacion_a_la_demanda	IMPLICA	contestacion_a_la_demanda
476	libro_tercero_ccc	IMPLICA	codigo_civil_de_cataluña
477	libro_sexto_ccc	IMPLICA	codigo_civil_de_cataluña
478	libro_cuarto_ccc	IMPLICA	codigo_civil_de_cataluña
479	ccc_ley_primera	IMPLICA	codigo_civil_de_cataluña
480	libro_segundo_ccc	IMPLICA	codigo_civil_de_cataluña
481	libro_quinto_ccc	IMPLICA	codigo_civil_de_cataluña
482	delito_de_contrabando	IMPLICA	contrabando
483	tipos_de_contrato	IMPLICA	contrato
484	contrato_de_gestion_naval	IMPLICA	gestor_naval
485	firma_del_contrato_de_permuta	IMPLICA	contrato_de_permuta
486	acceso_a_redes	IMPLICA	conexion_en_red
487	presidente_de_la_confederacion_hidrografica	IMPLICA	confederacion_hidrografica
488	contador_de_gas	IMPLICA	instalacion_de_gas_natural
489	contagio_de_enfermedad	IMPLICA	enfermedad_transmisible
490	convenio_para_evitar_la_doble_imposicion	IMPLICA	evitar_la_doble_imposicion
491	convenio_sobre_concesion_de_patentes_europeas	IMPLICA	concesion_de_patente
492	fijacion_de_servicios_minimos	IMPLICA	convocatoria_de_huelga
493	prestacion_de_servicios_esenciales	IMPLICA	convocatoria_de_huelga_general
494	correccion_del_deficit_tarifario_del_sector_electrico	IMPLICA	deficit_tarifario
495	principio_contable_de_correlacion_de_ingresos_y_gastos	IMPLICA	correlacion_de_gastos_e_ingresos
496	credibilidad_de_las_declaraciones_de_los_testigos	IMPLICA	credibilidad
497	control_de_transito_aereo	IMPLICA	transito_aereo
498	efecto_de_cosa_juzgada	IMPLICA	cosa_juzgada
499	titular_de_cuenta_bancaria	IMPLICA	cuenta_bancaria
500	presentacion_de_cuentas_anuales	IMPLICA	cuentas_anuales
501	delito_de_daños_informaticos	IMPLICA	daños_informaticos
502	incumplimiento_del_deber_de_conservacion	IMPLICA	deber_de_conservacion_y_mantenimiento
503	incumplimiento_del_deber_de_veracidad_informativa	IMPLICA	deber_de_veracidad_informativa
504	contrato_de_agencia_de_seguros	IMPLICA	agente_de_seguros
505	nulidad_del_contrato_de_vitalicio	IMPLICA	contrato_vitalicio
506	contrato_de_arrendamiento	IMPLICA	arrendamiento
507	contrato_de_concesion_mercantil	IMPLICA	concesion_mercantil
508	cesion_de_creditos_litigiosos	IMPLICA	credito_litigioso
509	entidad_de_custodia_del_territorio	IMPLICA	custodia_del_territorio
510	regimen_de_dedicacion_exclusiva	IMPLICA	dedicacion_exclusiva
511	contrato_leonino	IMPLICA	clausula_leonina
512	cooperativista	IMPLICA	cooperativa
513	caracter_abusivo_de_la_clausula_suelo	IMPLICA	clausula_suelo
514	nulidad_de_clausula_suelo	IMPLICA	clausula_suelo
515	derechos_e_intereses_de_los_consumidores_y_usuarios	IMPLICA	consumidor
516	inaplicacion_de_la_clausula_abusiva	IMPLICA	clausula_abusiva
517	falta_de_claridad_de_la_clausula	IMPLICA	clausula
518	nulidad_por_abusividad	IMPLICA	nulidad_de_clausula
519	nulidad_por_abusividad	IMPLICA	control_de_abusividad
520	control_de_abusividad	IMPLICA	clausula_abusiva
521	partido_ilegalizado	IMPLICA	declaracion_de_ilegalidad_de_partido_politico
522	declaracion_de_movimientos_de_medios_de_pago	IMPLICA	movimiento_de_medios_de_pago
523	procedimiento_de_deficit_excesivo	IMPLICA	deficit_excesivo
524	clausulas_abusivas_en_contratos_con_consumidores	IMPLICA	consumidor
525	cuerpo_superior_de_letrados_del_tribunal_de_cuentas	IMPLICA	letrado_del_tribunal_de_cuentas
526	planteamiento_de_la_cuestion_de_ilegalidad	IMPLICA	cuestion_de_ilegalidad
527	delito_de_estafa	IMPLICA	estafa
528	delito_de_robo_con_fuerza_en_las_cosas	IMPLICA	robo_con_fuerza_en_las_cosas
529	delito_de_trafico_de_precursores	IMPLICA	trafico_de_precursores
530	dependencia_de_inspeccion_financiera	IMPLICA	inspeccion_financiera
531	derecho_a_la_integridad_fisica_y_moral	IMPLICA	derecho_a_la_integridad_moral
532	vulneracion_del_derecho_a_la_legalidad_penal	IMPLICA	derecho_a_la_legalidad_penal
533	medio_de_defensa_fitosanitaria	IMPLICA	defensa_fitosanitaria
534	derecho_al_juez_ordinario_predeterminado_por_la_ley	IMPLICA	juez_ordinario_predeterminado_por_la_ley
535	vulneracion_del_derecho_de_informacion	IMPLICA	derecho_de_informacion
536	muerte_por_electrocucion	IMPLICA	electrocucion
537	delito_de_insolvencia_punible	IMPLICA	vaciamiento_patrimonial
538	delito_de_lesiones_al_feto	IMPLICA	lesion_al_feto
539	delito_de_lesiones_por_imprudencia_profesional	IMPLICA	lesion_por_imprudencia_profesional
540	delito_de_malversacion_de_caudales_publicos	IMPLICA	malversacion
541	extincion_del_derecho_de_superficie	IMPLICA	derecho_de_superficie
542	valoracion_del_usufructo	IMPLICA	valor_del_usufructo
543	cuenta_de_deposito_y_consignaciones	IMPLICA	deposito
544	deposito_del_justiprecio	IMPLICA	justiprecio
545	operaciones_de_embarque_y_desembarque	IMPLICA	desembarque_del_pasaje
546	desembolso_de_acciones	IMPLICA	desembolso_de_acciones
547	desempleo_de_larga_duracion	IMPLICA	desempleado
548	vispera_de_festivo	IMPLICA	dia_festivo
549	principio_de_desarrollo_territorial_y_urbano_sostenible	IMPLICA	desarrollo_equilibrado_y_sostenible_del_territorio
550	deuda_concursal	IMPLICA	deuda_contra_la_masa
551	designacion_de_perito	IMPLICA	perito
552	despacho_a_libre_practica	IMPLICA	libre_practica
553	contenido_del_disco_duro	IMPLICA	disco_duro_del_ordenador
554	requisito_de_diseño_ecologico	IMPLICA	diseño_ecologico
555	requisito_de_la_doble_firma	IMPLICA	doble_firma
556	documento_privado_de_particion	IMPLICA	particion_privada
557	contrato_de_duracion_determinada	IMPLICA	duracion_determinada
558	ejercicio_del_derecho_de_reunion	IMPLICA	derecho_de_reunion
559	exclusion_de_los_dias_inhabiles	IMPLICA	dias_inhabiles
560	dictamen_de_la_comision_informativa_de_urbanismo	IMPLICA	comision_informativa_de_urbanismo
561	domicilio_fiscal_del_obligado_tributario	IMPLICA	domicilio_fiscal
562	riesgo_de_electrocucion	IMPLICA	electrocucion
563	emision_primaria_de_energia	IMPLICA	emision_primaria
564	principio_contable_de_empresa_en_funcionamiento	IMPLICA	empresa_en_funcionamiento
565	enriquecimiento_injusto_de_la_administracion	IMPLICA	enriquecimiento_injusto
566	entidades_de_capital_riesgo	IMPLICA	capital_riesgo
567	entrega_de_la_comunicacion_de_despido	IMPLICA	entrega_de_comunicacion
568	derecho_al_disfrute	IMPLICA	disfrute
569	eliminacion_del_riesgo_de_desamparo	IMPLICA	riesgo_de_desamparo
570	emision_de_factura_falsa	IMPLICA	factura_falsa
571	emision_de_gases_de_efecto_invernadero	IMPLICA	gases_de_efecto_invernadero
572	entidad_de_dinero_electronico	IMPLICA	dinero_electronico
573	entidad_de_economia_social	IMPLICA	economia_social
574	inscripcion_en_el_registro_de_entidades_religiosas	IMPLICA	entidad_religiosa
575	acta_de_escrutinio_general	IMPLICA	escrutinio_de_la_votacion
576	educacion_postsecundaria_no_terciaria	IMPLICA	educacion_postsecundaria
577	reduccion_de_emisiones_de_gases_de_efecto_invernadero	IMPLICA	emision_de_gases_de_efecto_invernadero
578	suministro_de_energia_electrica	IMPLICA	energia_electrica
579	consumo_de_energia_primaria	IMPLICA	energia_primaria
580	instalaciones_de_produccion_de_energia_electrica	IMPLICA	energia_renovable
581	mejoria_del_estado_invalidante	IMPLICA	estado_invalidante
582	acuerdo_sobre_el_espacio_economico_europeo	IMPLICA	espacio_economico_europeo
583	expediente_de_informacion_publica	IMPLICA	estudio_informativo
584	organismo_de_evaluacion_de_conformidad	IMPLICA	evaluacion_de_la_conformidad
585	explotacion_de_maquinas	IMPLICA	maquina_de_juego
586	extincion_de_incendios_forestales	IMPLICA	incendio_forestal
587	contrato_de_factoring	IMPLICA	factoring
588	estatutos_del_colegio_oficial	IMPLICA	colegio_oficial
589	existencia_de_una_agresion_mutua	IMPLICA	agresion_mutuamente_aceptada
590	numero_del_expediente	IMPLICA	expediente
591	estado_extranjero	IMPLICA	extranjero
592	internamiento_del_extranjero_pendiente_de_expulsion	IMPLICA	extranjero_pendiente_de_expulsion
593	marca_falsificada	IMPLICA	falsificacion_de_marca
594	titular_de_farmacia	IMPLICA	farmacia
595	fondos_estructurales_y_de_inversion_europeos	IMPLICA	fondo_estructural
596	formacion_con_compromiso_de_contratacion	IMPLICA	compromiso_de_contratacion
597	explotaciones_a_cielo_abierto	IMPLICA	cielos_abiertos
598	junta_de_calificacion_valoracion_y_exportacion_de_bienes_del_patrimonio_historico_español	IMPLICA	exportacion_de_bienes_del_patrimonio_historico
599	ferrocarril_de_alta_velocidad	IMPLICA	linea_de_alta_velocidad
600	constitucion_de_fianza	IMPLICA	fianza
601	pago_del_importe_de_la_fianza	IMPLICA	fianza
602	participacion_en_fondo_de_inversion	IMPLICA	fondo_de_inversion
603	dotacion_al_fondo_de_reversion	IMPLICA	fondo_de_reversion
604	principios_generales_como_fuentes_del_derecho	IMPLICA	fuente_del_derecho
605	nombramiento_de_funcionario_interino	IMPLICA	funcionario_interino
606	originacion_del_gasto	IMPLICA	gasto
607	grado_de_ejecucion_del_delito	IMPLICA	grado_de_ejecucion
608	falta_de_presentacion_en_plazo	IMPLICA	falta_de_presentacion
609	fraude	IMPLICA	actividad_ilicita
610	fraude_fiscal	IMPLICA	evasion_fiscal
611	gastos_de_demolicion	IMPLICA	demolicion
612	gastos_indebidamente_justificados	IMPLICA	falta_de_justificacion_de_los_gastos
613	portavoz_de_un_grupo_parlamentario	IMPLICA	grupo_parlamentario
614	guarda_y_custodia_compartida	IMPLICA	custodia_de_los_hijos
615	oficial_de_la_guardia_civil	IMPLICA	guardia_civil
616	homologacion_de_titulo_extranjero	IMPLICA	estudios_extranjeros
617	homologacion_de_titulo_extranjero	IMPLICA	titulo_extranjero
618	deudor	IMPLICA	impago_de_deuda
619	finalizacion_del_periodo_voluntario_de_pago_del_impuesto	IMPLICA	periodo_voluntario_de_pago_del_impuesto
620	firma_del_recibi	IMPLICA	firma_de_recibo
621	gestor_de_motor_de_busqueda	IMPLICA	motor_de_busqueda
622	reclamacion_de_horas_extraordinarias	IMPLICA	horas_extraordinarias
623	reiteracion_en_el_incumplimiento	IMPLICA	incumplimiento
624	incumplimiento_de_deber	IMPLICA	deber_legal
625	transmision_de_la_informacion_genetica	IMPLICA	informacion_genetica
626	tramite_de_informacion_publica	IMPLICA	informacion_publica
627	regimen_aduanero_de_importacion_temporal	IMPLICA	importacion_temporal
628	indemnizacion_por_gastos_de_instalacion	IMPLICA	gastos_de_reinstalacion
629	comision_de_infraccion	IMPLICA	infraccion
630	inexistencia_de_infraccion	IMPLICA	infraccion
631	trafico_ilicito_de_migrantes	IMPLICA	inmigracion_ilegal
632	hijo	IMPLICA	progenitor
633	industrias_carnicas	IMPLICA	carnicas
634	plan_de_inspeccion_ambiental	IMPLICA	inspeccion_ambiental
635	puerto_pesquero	IMPLICA	infraestructura_portuaria
636	licencia_para_instalacion_de_ascensor	IMPLICA	instalacion_de_ascensor
637	informe_de_investigacion_del_accidente_de_trabajo	IMPLICA	investigacion_del_accidente_de_trabajo
638	resultado_de_la_investigacion_policial	IMPLICA	investigacion_policial
639	constitucion_de_la_junta_de_compensacion	IMPLICA	junta_de_compensacion
640	contrato_de_lanzamiento_de_nueva_actividad	IMPLICA	lanzamiento_de_nueva_actividad
641	lengua_cooficial	IMPLICA	idiomas_de_uso_oficial
642	titularidad_de_licencia_de_autotaxi	IMPLICA	licencia_de_autotaxi
643	contrato_de_licencia_de_marca	IMPLICA	licencia_de_marca
644	perdida_de_la_licencia_de_vuelo	IMPLICA	licencia_de_vuelo
645	liquidacion_de_adjudicacion_de_herencia	IMPLICA	adjudicacion_hereditaria
646	vocal_de_la_camara_de_comercio	IMPLICA	camara_de_comercio
647	proteccion_de_la_legalidad_urbanistica	IMPLICA	legalidad_urbanistica
648	adquisicion_de_libros_de_texto	IMPLICA	libro_de_texto
649	zona_de_servidumbre_de_proteccion_de_costas	IMPLICA	zona_de_servidumbre
650	declaracion_de_zona_catastrofica	IMPLICA	zona_catastrofica
651	principio_de_libertad_de_forma	IMPLICA	libertad_de_forma
652	derecho_a_la_libre_eleccion_de_profesion_u_oficio	IMPLICA	libre_eleccion_de_profesion_u_oficio
653	registro_de_matricula_de_aeronaves	IMPLICA	matricula_de_aeronaves
654	transporte_de_mercancias	IMPLICA	mercancia
655	inclusion_en_lista_de_espera	IMPLICA	lista_de_espera
656	visionado_de_un_video	IMPLICA	grabacion_en_video
657	cazador_furtivo	IMPLICA	caza_furtiva
658	castellano_como_lengua_oficial	IMPLICA	idiomas_de_uso_oficial
659	lengua_catalana	IMPLICA	catalan
660	lengua_castellana	IMPLICA	castellano
661	euskera	IMPLICA	vasco
662	lengua_gallega	IMPLICA	gallego
663	lengua_valenciana	IMPLICA	valenciano
664	cancelacion_de_inscripcion_de_defuncion	IMPLICA	inscripcion_de_defuncion
665	fecha_del_fallecimiento_del_asegurado	IMPLICA	fallecimiento_del_asegurado
666	delito_de_asesinato_con_alevosia	IMPLICA	delito_de_asesinato
667	delito_de_asesinato_con_alevosia	IMPLICA	muerte_con_alevosia
668	vehiculo_homologado	IMPLICA	homologacion_de_tipo_de_vehiculo
669	aprovechamiento_de_materia_prima	IMPLICA	materia_prima
670	miembro_del_comite_de_direccion	IMPLICA	comite_de_direccion
671	inicio_de_actividad_profesional	IMPLICA	actividad_profesional
672	medico_especialista_en_medicina_intensiva	IMPLICA	medicina_intensiva
673	delito_de_obstruccion_a_la_justicia	IMPLICA	obstruccion_a_la_justicia
674	obtencion_indebida_de_devoluciones	IMPLICA	devolucion_indebida
675	tramite_electronico	IMPLICA	tramitacion_electronica
676	votacion_de_la_mocion	IMPLICA	mocion_de_confianza
677	plan_de_ordenacion_urbanistica_municipal	IMPLICA	ordenacion_urbanistica_municipal
678	pacto_de_cesion	IMPLICA	cesion
679	nomina_de_pago_delegado	IMPLICA	pago_delegado
680	prestacion_de_seguridad_social_de_pago_periodico	IMPLICA	pago_periodico
681	justificante_de_transferencia_bancaria	IMPLICA	transferencia_bancaria
682	importe_de_la_transferencia_bancaria	IMPLICA	transferencia_bancaria
683	pago_mediante_transferencia_bancaria	IMPLICA	transferencia_bancaria
684	orden_de_transferencia_bancaria	IMPLICA	transferencia_bancaria
685	tasa_por_ocupacion_del_subsuelo	IMPLICA	ocupacion_del_subsuelo
686	registro_de_operaciones_intracomunitarias	IMPLICA	operacion_intracomunitaria
687	declaracion_de_operaciones_con_terceros	IMPLICA	operaciones_efectuadas_con_terceros
688	dueño_del_predio_dominante	IMPLICA	predio_dominante
689	contrato_predoctoral	IMPLICA	personal_investigador_en_formacion
690	justicia_universal	IMPLICA	jurisdiccion_universal
691	alto_directivo	IMPLICA	alta_direccion
692	zona_de_servidumbre_de_proteccion_de_costas	IMPLICA	zona_de_servidumbre_de_proteccion_de_costas
693	obligaciones_de_los_poderes_publicos	IMPLICA	poder_publico
694	de_reconocido_prestigio	IMPLICA	prestigio
695	presuncion_iuris_et_de_iure	IMPLICA	de_iure
696	proclamacion_de_candidatura	IMPLICA	candidatura
697	nivel_de_seguridad	IMPLICA	seguridad
698	nombramiento_de_administrador_de_la_herencia	IMPLICA	administrador_judicial_de_herencia
699	declaracion_de_nulidad_del_testamento	IMPLICA	nulidad_de_testamento
700	nullum_crimen_nulla_poena_sine_lege	IMPLICA	nulla_pena_sine_lege
701	numero_de_registro_de_operador_economico	IMPLICA	operador_economico_autorizado
702	plan_anual_de_seguros_agrarios	IMPLICA	seguro_agrario
703	ampliacion_del_plazo_concesional	IMPLICA	plazo_concesional
704	nombramiento_del_administrador_suplente	IMPLICA	administrador_suplente
705	planificacion_energetica	IMPLICA	plan_energetico
706	plan_especial_de_reforma_interior	IMPLICA	reforma_interior
707	plazo_de_prescripcion_de_la_accion_de_reclamacion	IMPLICA	plazo_de_prescripcion_de_la_reclamacion
708	plazo_para_la_resolucion_y_notificacion	IMPLICA	plazo_para_resolver
709	posesion_legitima	IMPLICA	ius_possidendi
710	protocolo_de_actuacion_frente_al_acoso	IMPLICA	acoso
711	pago_de_la_prima_del_seguro	IMPLICA	prima_de_la_poliza_de_seguro
712	prima_por_vaca_nodriza	IMPLICA	vaca_nodriza
713	contrato_de_seguro_de_accidentes	IMPLICA	seguro_de_accidentes
714	principio_de_tutela_judicial_efectiva	IMPLICA	tutela_judicial
715	mantenimiento_de_la_situacion_de_prision_provisional	IMPLICA	prision_provisional
716	contrato_de_deposito_bancario	IMPLICA	deposito_bancario
717	pena_privativa_de_libertad	IMPLICA	privacion_de_libertad
718	principio_de_conservacion_de_los_actos_administrativos	IMPLICA	conservacion_de_actos
719	principio_de_facilidad_probatoria	IMPLICA	facilidad_probatoria
720	principio_de_prudencia_financiera	IMPLICA	prudencia_financiera
721	retirada_del_carnet_de_conducir	IMPLICA	privacion_del_derecho_a_conducir
722	prorroga_del_plazo_de_ejecucion	IMPLICA	plazo_de_ejecucion
723	finalizacion_del_plazo_de_ejecucion	IMPLICA	plazo_de_ejecucion
724	grupo_musical	IMPLICA	musica
725	concierto_de_musica	IMPLICA	musica
726	conservatorio_de_musica	IMPLICA	educacion_musical
727	exito_de_la_accion_de_deslinde	IMPLICA	accion_de_deslinde
728	ejercicio_de_la_prostitucion	IMPLICA	prostitucion
729	determinacion_de_la_base_reguladora	IMPLICA	base_reguladora
730	calculo_de_la_base_reguladora	IMPLICA	base_reguladora
731	delito_de_acusacion_y_denuncia_falsa	IMPLICA	acusacion_y_denuncia_falsa
732	sustraccion_internacional_de_menores	IMPLICA	sustraccion_internacional_de_menores
733	derechos_de_propiedad_intelectual	IMPLICA	propiedad_intelectual
734	centro_de_reconocimiento_medico	IMPLICA	reconocimiento_medico
735	valoracion_de_la_prueba_personal	IMPLICA	prueba_personal
736	fecha_de_publicacion_de_convocatoria	IMPLICA	publicacion_de_la_convocatoria
737	querella_presentada_por_entidad_bancaria	IMPLICA	entidad_querellante
738	administracion_autonomica	IMPLICA	comunidad_autonoma
739	nulidad_de_resolucion_administrativa	IMPLICA	anulabilidad_de_resolucion_administrativa
740	sistema_de_ascensos	IMPLICA	ascenso
741	convocatoria_de_elecciones	IMPLICA	elecciones
742	junta_electoral	IMPLICA	elecciones
743	mesa_electoral	IMPLICA	elecciones
744	colegio_electoral	IMPLICA	elecciones
745	censo_electoral	IMPLICA	elecciones
746	circunscripcion_electoral	IMPLICA	elecciones
747	credito_contra_la_masa_del_concurso	IMPLICA	masa_del_concurso
748	insuficiencia_de_la_masa_activa	IMPLICA	masa_activa
749	contrato_eventual_por_circunstancias_de_la_produccion	IMPLICA	circunstancias_de_la_produccion
750	reconocimiento_del_grado_de_discapacidad	IMPLICA	grado_de_discapacidad
751	alud_de_nieve	IMPLICA	nieve
752	deportes_de_nieve	IMPLICA	nieve
753	incremento_del_ipc	IMPLICA	ipc
754	publicacion_del_ipc	IMPLICA	ipc
755	variacion_del_ipc	IMPLICA	ipc
756	concentracion_de_fibras_de_amianto	IMPLICA	fibras_de_amianto
757	nivel_de_complemento_de_destino	IMPLICA	complemento_destino
758	contrato_de_tarjeta_de_credito	IMPLICA	tarjeta_de_credito
759	solicitud_de_tarjeta_de_credito	IMPLICA	tarjeta_de_credito
760	pago_con_tarjeta_de_credito	IMPLICA	tarjeta_de_credito
761	titularidad_de_tarjeta_de_credito	IMPLICA	tarjeta_de_credito
762	sustraccion_de_tarjeta_de_credito	IMPLICA	tarjeta_de_credito
763	acuerdo_del_pleno_del_ayuntamiento	IMPLICA	pleno_municipal
764	eximente_de_legitima_defensa	IMPLICA	legitima_defensa
765	fecha_de_la_carta_de_despido	IMPLICA	carta_de_despido
766	carta_de_despido_disciplinario	IMPLICA	despido_disciplinario
767	momento_de_otorgamiento_del_testamento	IMPLICA	otorgamiento_de_testamento
768	capacidad_del_testador	IMPLICA	testador
769	beneficiario_de_proteccion_internacional	IMPLICA	proteccion_internacional
770	jefe_del_estado_mayor_del_ejercito_de_tierra	IMPLICA	ejercito_de_tierra
771	procedimiento_concursal	IMPLICA	concurso_de_acreedores
772	privacion_de_la_patria_potestad	IMPLICA	patria_potestad
773	ejercicio_de_la_patria_potestad	IMPLICA	patria_potestad
774	despido_o_extincion_por_causas_economicas_tecnicas_organizativas_o_de_produccion	IMPLICA	causas_economicas_tecnicas_organizativas_o_productivas
775	despido_colectivo_fundado_en_causas_economicas_tecnicas_organizativas	IMPLICA	causas_economicas_tecnicas_organizativas_o_productivas
776	cancelacion_de_la_aceptacion_de_letra_de_cambio	IMPLICA	aceptacion_de_letra_de_cambio
